session_nr,date,speech_id,speaker_id,first_name,last_name,fraktion,speech_text,speech_len,tokens,clean_text,clean_len,dominant_topic,Topic 1,Topic 2,Topic 3,Topic 4,Topic 5
180,2024-03-20,ID2018001100,11009901,Klaus,Weber,SPD,"Herr Präsident! Kolleginnen und Kollegen! Der Bundeshaushalt 2024 ist ein Haushalt der Zukunftsinvestitionen. Wir setzen klare Prioritäten: Investitionen in Infrastruktur, in Bildung und in den sozialen Zusammenhalt unseres Landes. Der Haushaltsentwurf der Bundesregierung stellt sicher, dass wir die notwendigen Mittel für die großen Herausforderungen unserer Zeit bereitstellen. Wir investieren in den Ausbau der digitalen Infrastruktur, in den öffentlichen Nahverkehr und in die Sanierung von Schulen und Kindergärten. Das sind Investitionen, die sich langfristig auszahlen und die Wettbewerbsfähigkeit Deutschlands stärken. Die Schuldenbremse halten wir dabei ein – das ist keine Frage des Wollens, sondern des Müssens. Ein zentrales Element dieses Haushalts ist die Förderung von Forschung und Innovation. Wir erhöhen die Mittel für Forschungseinrichtungen und stärken die Zusammenarbeit zwischen Wissenschaft und Wirtschaft. Deutschland muss ein führender Standort für technologische Innovation bleiben. Dafür brauchen wir nicht nur finanzielle Mittel, sondern auch die richtigen Rahmenbedingungen. Gleichzeitig sorgen wir für soziale Absicherung. Die Rentenversicherung wird stabilisiert, und wir stärken die gesetzliche Krankenversicherung. Niemand soll aufgrund von Geldmangel auf notwendige medizinische Versorgung verzichten müssen. Das ist unser Verständnis von sozialer Marktwirtschaft. Vielen Dank.",178,"['bundeshaushalt', 'haushalt', 'zukunftsinvestitionen', 'setzen', 'klare', 'prioritäten', 'investitionen', 'infrastruktur', 'bildung', 'sozialen', 'zusammenhalt', 'unseres', 'landes', 'haushaltsentwurf', 'sicher', 'notwendigen', 'mittel', 'großen', 'herausforderungen', 'unserer', 'zeit', 'bereitstellen', 'investieren', 'ausbau', 'digitalen', 'infrastruktur', 'öffentlichen', 'nahverkehr', 'sanierung', 'schulen', 'kindergärten', 'investitionen', 'langfristig', 'auszahlen', 'wettbewerbsfähigkeit', 'deutschlands', 'stärken', 'schuldenbremse', 'halten', 'frage', 'wollens', 'müssens', 'zentrales', 'element', 'haushalts', 'förderung', 'forschung', 'innovation', 'erhöhen', 'mittel', 'forschungseinrichtungen', 'stärken', 'zusammenarbeit', 'wissenschaft', 'wirtschaft', 'deutschland', 'führender', 'standort', 'technologische', 'innovation', 'bleiben', 'finanzielle', 'mittel', 'richtigen', 'rahmenbedingungen', 'gleichzeitig', 'sorgen', 'soziale', 'absicherung', 'rentenversicherung', 'stabilisiert', 'stärken', 'gesetzliche', 'krankenversicherung', 'niemand', 'aufgrund', 'geldmangel', 'notwendige', 'medizinische', 'versorgung', 'verzichten', 'verständnis', 'sozialer', 'marktwirtschaft', 'dank']",bundeshaushalt haushalt zukunftsinvestitionen setzen klare prioritäten investitionen infrastruktur bildung sozialen zusammenhalt unseres landes haushaltsentwurf sicher notwendigen mittel großen herausforderungen unserer zeit bereitstellen investieren ausbau digitalen infrastruktur öffentlichen nahverkehr sanierung schulen kindergärten investitionen langfristig auszahlen wettbewerbsfähigkeit deutschlands stärken schuldenbremse halten frage wollens müssens zentrales element haushalts förderung forschung innovation erhöhen mittel forschungseinrichtungen stärken zusammenarbeit wissenschaft wirtschaft deutschland führender standort technologische innovation bleiben finanzielle mittel richtigen rahmenbedingungen gleichzeitig sorgen soziale absicherung rentenversicherung stabilisiert stärken gesetzliche krankenversicherung niemand aufgrund geldmangel notwendige medizinische versorgung verzichten verständnis sozialer marktwirtschaft dank,85,Topic 3,0.0,0.007244851264295246,0.7361210719775771,0.0,0.04161690150821453
180,2024-03-20,ID2018001200,11009902,Anna,Müller,CDU/CSU,"Herr Präsident! Meine Damen und Herren! Der vorliegende Haushalt zeigt leider einmal mehr, dass die Bundesregierung die grundlegenden Haushaltsregeln nicht ernst nimmt. Statt nachhaltiger Konsolidierung sehen wir strukturelle Ausgabensteigerungen, die langfristig nicht finanzierbar sind. Die Schuldenbremse ist kein Hindernis – sie ist ein Schutzwall für künftige Generationen. Die CDU/CSU-Fraktion hat wiederholt auf die Notwendigkeit hingewiesen, Prioritäten zu setzen und nicht einfach alle Ausgaben zu erhöhen. Haushaltsdisziplin ist die Grundlage für wirtschaftliche Stabilität. Wir können nicht dauerhaft mehr ausgeben als wir einnehmen, ohne die Zukunft unserer Kinder zu belasten. Was wir stattdessen brauchen, sind Reformen auf der Ausgabenseite. Bürokratieabbau, Verwaltungsmodernisierung und effizientere Mittelverwendung sind die Stellschrauben, an denen wir drehen müssen. Wir als Union stehen für eine wirtschaftliche Politik, die Wachstum durch bessere Rahmenbedingungen und nicht durch höhere Staatsausgaben erzeugt. Die Steuerpolitik muss entlastend wirken, nicht belastend. Unternehmen brauchen Planungssicherheit und faire Bedingungen im internationalen Wettbewerb. Nur eine starke Wirtschaft kann den Sozialstaat dauerhaft finanzieren. Ich danke Ihnen.",157,"['vorliegende', 'haushalt', 'leider', 'grundlegenden', 'haushaltsregeln', 'ernst', 'statt', 'nachhaltiger', 'konsolidierung', 'strukturelle', 'ausgabensteigerungen', 'langfristig', 'finanzierbar', 'schuldenbremse', 'hindernis', 'schutzwall', 'künftige', 'generationen', 'cdu', 'csu', 'wiederholt', 'notwendigkeit', 'hingewiesen', 'prioritäten', 'setzen', 'einfach', 'alle', 'ausgaben', 'erhöhen', 'haushaltsdisziplin', 'grundlage', 'wirtschaftliche', 'stabilität', 'dauerhaft', 'ausgeben', 'einnehmen', 'zukunft', 'unserer', 'kinder', 'belasten', 'was', 'stattdessen', 'reformen', 'ausgabenseite', 'bürokratieabbau', 'verwaltungsmodernisierung', 'effizientere', 'mittelverwendung', 'stellschrauben', 'denen', 'drehen', 'union', 'stehen', 'wirtschaftliche', 'politik', 'wachstum', 'bessere', 'rahmenbedingungen', 'höhere', 'staatsausgaben', 'erzeugt', 'steuerpolitik', 'entlastend', 'wirken', 'belastend', 'unternehmen', 'planungssicherheit', 'faire', 'bedingungen', 'internationalen', 'wettbewerb', 'starke', 'wirtschaft', 'sozialstaat', 'dauerhaft', 'finanzieren', 'ihnen']",vorliegende haushalt leider grundlegenden haushaltsregeln ernst statt nachhaltiger konsolidierung strukturelle ausgabensteigerungen langfristig finanzierbar schuldenbremse hindernis schutzwall künftige generationen cdu csu wiederholt notwendigkeit hingewiesen prioritäten setzen einfach alle ausgaben erhöhen haushaltsdisziplin grundlage wirtschaftliche stabilität dauerhaft ausgeben einnehmen zukunft unserer kinder belasten was stattdessen reformen ausgabenseite bürokratieabbau verwaltungsmodernisierung effizientere mittelverwendung stellschrauben denen drehen union stehen wirtschaftliche politik wachstum bessere rahmenbedingungen höhere staatsausgaben erzeugt steuerpolitik entlastend wirken belastend unternehmen planungssicherheit faire bedingungen internationalen wettbewerb starke wirtschaft sozialstaat dauerhaft finanzieren ihnen,77,Topic 4,0.0,0.0,0.12316225077963561,0.43714361094792936,0.0354170547669925
180,2024-03-20,ID2018001300,11009903,Thomas,Fischer,BÜNDNIS 90/DIE GRÜNEN,"Frau Präsidentin! Liebe Kolleginnen und Kollegen! Dieser Haushalt setzt wichtige Signale für die ökologische Transformation unserer Wirtschaft. Die Mittel für erneuerbare Energien und Klimaschutz werden deutlich aufgestockt. Das ist richtig und notwendig, denn die Klimakrise ist die größte wirtschaftliche und gesellschaftliche Herausforderung unserer Zeit. Investitionen in Klimaschutz sind keine Ausgaben – sie sind Zukunftsinvestitionen, die uns vor weit höheren Kosten durch Klimaschäden bewahren. Jeder Euro, den wir heute in die Energiewende investieren, spart uns morgen mehrere Euro an Schadenskosten. Das ist fiskalisch klug, nicht leichtfertig. Wir begrüßen die Mittelerhöhung für den Bundesklimafonds und die Förderung von Wärmepumpen, Gebäudesanierung und öffentlichem Nahverkehr. Diese Investitionen schaffen zugleich Arbeitsplätze in zukunftsfähigen Branchen und stärken die regionale Wertschöpfung. Allerdings fordern wir eine noch konsequentere Ausrichtung des gesamten Haushalts auf Klimaziele. Subventionen für fossile Energieträger müssen abgebaut werden, und die eingesparten Mittel können gezielt in die grüne Transformation fließen.",144,"['haushalt', 'setzt', 'wichtige', 'signale', 'ökologische', 'transformation', 'unserer', 'wirtschaft', 'mittel', 'erneuerbare', 'energien', 'klimaschutz', 'deutlich', 'aufgestockt', 'richtig', 'notwendig', 'klimakrise', 'größte', 'wirtschaftliche', 'gesellschaftliche', 'herausforderung', 'unserer', 'zeit', 'investitionen', 'klimaschutz', 'ausgaben', 'zukunftsinvestitionen', 'weit', 'höheren', 'kosten', 'klimaschäden', 'bewahren', 'jeder', 'heute', 'energiewende', 'investieren', 'spart', 'morgen', 'mehrere', 'schadenskosten', 'fiskalisch', 'klug', 'leichtfertig', 'begrüßen', 'mittelerhöhung', 'bundesklimafonds', 'förderung', 'wärmepumpen', 'gebäudesanierung', 'öffentlichem', 'nahverkehr', 'investitionen', 'schaffen', 'zugleich', 'arbeitsplätze', 'zukunftsfähigen', 'branchen', 'stärken', 'regionale', 'wertschöpfung', 'fordern', 'konsequentere', 'ausrichtung', 'gesamten', 'haushalts', 'klimaziele', 'subventionen', 'fossile', 'energieträger', 'abgebaut', 'eingesparten', 'mittel', 'gezielt', 'grüne', 'transformation', 'fließen']",haushalt setzt wichtige signale ökologische transformation unserer wirtschaft mittel erneuerbare energien klimaschutz deutlich aufgestockt richtig notwendig klimakrise größte wirtschaftliche gesellschaftliche herausforderung unserer zeit investitionen klimaschutz ausgaben zukunftsinvestitionen weit höheren kosten klimaschäden bewahren jeder heute energiewende investieren spart morgen mehrere schadenskosten fiskalisch klug leichtfertig begrüßen mittelerhöhung bundesklimafonds förderung wärmepumpen gebäudesanierung öffentlichem nahverkehr investitionen schaffen zugleich arbeitsplätze zukunftsfähigen branchen stärken regionale wertschöpfung fordern konsequentere ausrichtung gesamten haushalts klimaziele subventionen fossile energieträger abgebaut eingesparten mittel gezielt grüne transformation fließen,76,Topic 3,0.06511765886443699,0.0,0.6318968108940033,0.0,0.0
180,2024-03-20,ID2018001400,11009904,Sabine,Schneider,FDP,"Herr Präsident! Meine Damen und Herren! Wirtschaftliche Freiheit und fiskalische Vernunft sind zwei Seiten derselben Medaille. Die FDP tritt für einen Haushalt ein, der durch kluge Priorisierung und nicht durch Schuldenfinanzierung gekennzeichnet ist. Deutschland braucht einen schlanken, effizienten Staat, der sich auf seine Kernaufgaben konzentriert. Bürokratieabbau ist für uns keine Phrase, sondern ein konkretes wirtschaftspolitisches Ziel. Unternehmen brauchen weniger Bürokratie, weniger Regulierung und mehr unternehmerische Freiheit. Nur so können wir Innovationen fördern und die Wettbewerbsfähigkeit des Standorts Deutschland sichern. Die Digitalisierung der Verwaltung muss endlich mit echtem Ernst betrieben werden. Das Onlinezugangsgesetz ist ein guter Rahmen – nun müssen aber konkrete Ergebnisse folgen. Bürger und Unternehmen warten auf einfache, digitale Verwaltungsdienstleistungen, die Zeit und Ressourcen sparen. Steuerentlastungen für Unternehmen und Bürger sind kein Geschenk – sie sind die richtige wirtschaftspolitische Antwort auf das aktuell schwierige Wachstumsumfeld. Wir brauchen Anreize für private Investitionen und Innovationen.",144,"['wirtschaftliche', 'freiheit', 'fiskalische', 'vernunft', 'seiten', 'derselben', 'medaille', 'fdp', 'tritt', 'haushalt', 'kluge', 'priorisierung', 'schuldenfinanzierung', 'gekennzeichnet', 'deutschland', 'schlanken', 'effizienten', 'staat', 'kernaufgaben', 'konzentriert', 'bürokratieabbau', 'phrase', 'konkretes', 'wirtschaftspolitisches', 'ziel', 'unternehmen', 'weniger', 'bürokratie', 'weniger', 'regulierung', 'unternehmerische', 'freiheit', 'innovationen', 'fördern', 'wettbewerbsfähigkeit', 'standorts', 'deutschland', 'sichern', 'digitalisierung', 'verwaltung', 'endlich', 'echtem', 'ernst', 'betrieben', 'onlinezugangsgesetz', 'guter', 'rahmen', 'konkrete', 'ergebnisse', 'folgen', 'bürger', 'unternehmen', 'warten', 'einfache', 'digitale', 'verwaltungsdienstleistungen', 'zeit', 'ressourcen', 'sparen', 'steuerentlastungen', 'unternehmen', 'bürger', 'geschenk', 'richtige', 'wirtschaftspolitische', 'antwort', 'aktuell', 'schwierige', 'wachstumsumfeld', 'anreize', 'private', 'investitionen', 'innovationen']",wirtschaftliche freiheit fiskalische vernunft seiten derselben medaille fdp tritt haushalt kluge priorisierung schuldenfinanzierung gekennzeichnet deutschland schlanken effizienten staat kernaufgaben konzentriert bürokratieabbau phrase konkretes wirtschaftspolitisches ziel unternehmen weniger bürokratie weniger regulierung unternehmerische freiheit innovationen fördern wettbewerbsfähigkeit standorts deutschland sichern digitalisierung verwaltung endlich echtem ernst betrieben onlinezugangsgesetz guter rahmen konkrete ergebnisse folgen bürger unternehmen warten einfache digitale verwaltungsdienstleistungen zeit ressourcen sparen steuerentlastungen unternehmen bürger geschenk richtige wirtschaftspolitische antwort aktuell schwierige wachstumsumfeld anreize private investitionen innovationen,73,Topic 4,0.0,0.04534015027094823,0.0,0.7643454399420122,0.0
180,2024-03-20,ID2018001500,11009905,Hans,Becker,DIE LINKE,"Herr Präsident! Kolleginnen und Kollegen! Dieser Haushalt ist eine verpasste Chance für soziale Gerechtigkeit. Während die oberen Einkommensgruppen erneut von Steuervorteilen profitieren, werden notwendige Investitionen in den sozialen Wohnungsbau, in die Pflege und in die Grundsicherung nicht ausreichend finanziert. Die Schere zwischen Arm und Reich in Deutschland wird größer, nicht kleiner. Das zeigen alle verfügbaren Daten eindeutig. Wir brauchen dringend eine gerechtere Steuerpolitik, die hohe Vermögen und Erbschaften angemessen besteuert und die dadurch entstehenden Mittel in öffentliche Daseinsvorsorge investiert. Die Rente muss armutsfest sein – das ist ein gesellschaftlicher Grundkonsens, der sich aber nicht im vorliegenden Haushalt widerspiegelt. Millionen älterer Menschen sind von Altersarmut betroffen oder bedroht. Das ist ein gesellschaftliches Versagen, das wir nicht hinnehmen dürfen. Auch die Wohnungsfrage ist ungelöst. Bezahlbarer Wohnraum ist ein Grundrecht, und der Staat muss massiv in den sozialen Wohnungsbau investieren. Die aktuell bereitgestellten Mittel reichen bei Weitem nicht aus.",146,"['haushalt', 'verpasste', 'chance', 'soziale', 'gerechtigkeit', 'oberen', 'einkommensgruppen', 'erneut', 'steuervorteilen', 'profitieren', 'notwendige', 'investitionen', 'sozialen', 'wohnungsbau', 'pflege', 'grundsicherung', 'ausreichend', 'finanziert', 'schere', 'arm', 'reich', 'deutschland', 'größer', 'kleiner', 'alle', 'verfügbaren', 'daten', 'eindeutig', 'dringend', 'gerechtere', 'steuerpolitik', 'hohe', 'vermögen', 'erbschaften', 'angemessen', 'besteuert', 'dadurch', 'entstehenden', 'mittel', 'öffentliche', 'daseinsvorsorge', 'investiert', 'rente', 'armutsfest', 'gesellschaftlicher', 'grundkonsens', 'vorliegenden', 'haushalt', 'widerspiegelt', 'älterer', 'menschen', 'altersarmut', 'betroffen', 'bedroht', 'gesellschaftliches', 'versagen', 'hinnehmen', 'wohnungsfrage', 'ungelöst', 'bezahlbarer', 'wohnraum', 'grundrecht', 'staat', 'massiv', 'sozialen', 'wohnungsbau', 'investieren', 'aktuell', 'bereitgestellten', 'mittel', 'reichen', 'weitem']",haushalt verpasste chance soziale gerechtigkeit oberen einkommensgruppen erneut steuervorteilen profitieren notwendige investitionen sozialen wohnungsbau pflege grundsicherung ausreichend finanziert schere arm reich deutschland größer kleiner alle verfügbaren daten eindeutig dringend gerechtere steuerpolitik hohe vermögen erbschaften angemessen besteuert dadurch entstehenden mittel öffentliche daseinsvorsorge investiert rente armutsfest gesellschaftlicher grundkonsens vorliegenden haushalt widerspiegelt älterer menschen altersarmut betroffen bedroht gesellschaftliches versagen hinnehmen wohnungsfrage ungelöst bezahlbarer wohnraum grundrecht staat massiv sozialen wohnungsbau investieren aktuell bereitgestellten mittel reichen weitem,72,Topic 5,0.0,0.0,0.1814241950702987,0.0,0.5197537566135827
185,2024-04-17,ID2018501100,11009901,Klaus,Weber,SPD,"Frau Präsidentin! Liebe Kolleginnen und Kollegen! Die Digitalisierung der öffentlichen Verwaltung ist eine der wichtigsten Aufgaben dieser Legislaturperiode. Das Onlinezugangsgesetz hat den Rahmen geschaffen – jetzt kommt es auf die Umsetzung an. Bürgerinnen und Bürger haben ein Recht auf schnelle, digitale und nutzerfreundliche Verwaltungsdienstleistungen. Die Bundesregierung investiert gezielt in die digitale Infrastruktur der Verwaltung. Das Datenangebot der öffentlichen Hand wird ausgebaut, und Behörden erhalten die notwendigen Ressourcen, um ihre Prozesse zu digitalisieren. Das Registermodernisierungsgesetz ist ein wichtiger Schritt, um Bürokratie abzubauen und Behördengänge überflüssig zu machen. Künstliche Intelligenz bietet dabei enorme Chancen. KI kann Verwaltungsprozesse beschleunigen, Antragsbearbeitungen automatisieren und Fehlerquoten reduzieren. Gleichzeitig müssen wir sicherstellen, dass Datenschutz und Transparenz gewahrt bleiben. KI im öffentlichen Sektor muss erklärbar, fair und kontrollierbar sein. Wir unterstützen die Einrichtung eines nationalen KI-Kompetenzzentrums, das Behörden beim Einsatz von KI-Systemen berät und Standards setzt. Deutschland kann eine Vorreiterrolle bei der ethischen und transparenten Nutzung von KI in der öffentlichen Verwaltung übernehmen.",155,"['digitalisierung', 'öffentlichen', 'verwaltung', 'wichtigsten', 'aufgaben', 'legislaturperiode', 'onlinezugangsgesetz', 'rahmen', 'geschaffen', 'umsetzung', 'bürgerinnen', 'bürger', 'recht', 'schnelle', 'digitale', 'nutzerfreundliche', 'verwaltungsdienstleistungen', 'investiert', 'gezielt', 'digitale', 'infrastruktur', 'verwaltung', 'datenangebot', 'öffentlichen', 'hand', 'ausgebaut', 'behörden', 'erhalten', 'notwendigen', 'ressourcen', 'ihre', 'prozesse', 'digitalisieren', 'registermodernisierungsgesetz', 'wichtiger', 'schritt', 'bürokratie', 'abzubauen', 'behördengänge', 'überflüssig', 'künstliche', 'intelligenz', 'bietet', 'enorme', 'chancen', 'verwaltungsprozesse', 'beschleunigen', 'antragsbearbeitungen', 'automatisieren', 'fehlerquoten', 'reduzieren', 'gleichzeitig', 'sicherstellen', 'datenschutz', 'transparenz', 'gewahrt', 'bleiben', 'öffentlichen', 'sektor', 'erklärbar', 'fair', 'kontrollierbar', 'unterstützen', 'einrichtung', 'nationalen', 'kompetenzzentrums', 'behörden', 'einsatz', 'systemen', 'berät', 'standards', 'setzt', 'deutschland', 'vorreiterrolle', 'ethischen', 'transparenten', 'nutzung', 'öffentlichen', 'verwaltung', 'übernehmen']",digitalisierung öffentlichen verwaltung wichtigsten aufgaben legislaturperiode onlinezugangsgesetz rahmen geschaffen umsetzung bürgerinnen bürger recht schnelle digitale nutzerfreundliche verwaltungsdienstleistungen investiert gezielt digitale infrastruktur verwaltung datenangebot öffentlichen hand ausgebaut behörden erhalten notwendigen ressourcen ihre prozesse digitalisieren registermodernisierungsgesetz wichtiger schritt bürokratie abzubauen behördengänge überflüssig künstliche intelligenz bietet enorme chancen verwaltungsprozesse beschleunigen antragsbearbeitungen automatisieren fehlerquoten reduzieren gleichzeitig sicherstellen datenschutz transparenz gewahrt bleiben öffentlichen sektor erklärbar fair kontrollierbar unterstützen einrichtung nationalen kompetenzzentrums behörden einsatz systemen berät standards setzt deutschland vorreiterrolle ethischen transparenten nutzung öffentlichen verwaltung übernehmen,80,Topic 2,0.0,0.6099772985273125,0.0026932270239751403,0.05331072322877235,0.0
185,2024-04-17,ID2018501200,11009902,Anna,Müller,CDU/CSU,"Frau Präsidentin! Meine Damen und Herren! Deutschland hinkt bei der Verwaltungsdigitalisierung im europäischen Vergleich deutlich hinterher. Das ist keine Behauptung – das zeigen alle internationalen Rankings. Der eGovernment-Index der Europäischen Union belegt, dass wir bei der digitalen Verwaltung erheblichen Nachholbedarf haben. Die Ursache liegt nicht primär im fehlenden Geld, sondern in fragmentierten Zuständigkeiten, fehlenden Standards und zu vielen parallelen Systemen auf Bundes-, Landes- und Kommunalebene. Wir brauchen eine nationale digitale Plattformstrategie, die Silodenken überwindet und echte Interoperabilität zwischen den Verwaltungsebenen schafft. Der Einsatz von KI in der öffentlichen Verwaltung bietet tatsächlich Potenzial, birgt aber auch Risiken. Wir fordern klare rechtliche Rahmenbedingungen, die den Einsatz von KI in hoheitlichen Verfahren regulieren und die Grundrechte der Bürger schützen. Algorithmische Entscheidungen müssen nachvollziehbar und anfechtbar sein. Auch der Breitbandausbau muss schneller voranschreiten. Ohne flächendeckendes Gigabit-Internet bleiben ländliche Regionen bei der Digitalisierung zurück – das ist eine Frage der regionalen Chancengerechtigkeit.",147,"['deutschland', 'hinkt', 'verwaltungsdigitalisierung', 'europäischen', 'vergleich', 'deutlich', 'hinterher', 'behauptung', 'alle', 'internationalen', 'rankings', 'egovernment', 'index', 'europäischen', 'union', 'belegt', 'digitalen', 'verwaltung', 'erheblichen', 'nachholbedarf', 'ursache', 'liegt', 'primär', 'fehlenden', 'geld', 'fragmentierten', 'zuständigkeiten', 'fehlenden', 'standards', 'parallelen', 'systemen', 'bundes', 'landes', 'kommunalebene', 'nationale', 'digitale', 'plattformstrategie', 'silodenken', 'überwindet', 'echte', 'interoperabilität', 'verwaltungsebenen', 'schafft', 'einsatz', 'öffentlichen', 'verwaltung', 'bietet', 'tatsächlich', 'potenzial', 'birgt', 'risiken', 'fordern', 'klare', 'rechtliche', 'rahmenbedingungen', 'einsatz', 'hoheitlichen', 'verfahren', 'regulieren', 'grundrechte', 'bürger', 'schützen', 'algorithmische', 'entscheidungen', 'nachvollziehbar', 'anfechtbar', 'breitbandausbau', 'schneller', 'voranschreiten', 'flächendeckendes', 'gigabit', 'internet', 'bleiben', 'ländliche', 'regionen', 'digitalisierung', 'zurück', 'frage', 'regionalen', 'chancengerechtigkeit']",deutschland hinkt verwaltungsdigitalisierung europäischen vergleich deutlich hinterher behauptung alle internationalen rankings egovernment index europäischen union belegt digitalen verwaltung erheblichen nachholbedarf ursache liegt primär fehlenden geld fragmentierten zuständigkeiten fehlenden standards parallelen systemen bundes landes kommunalebene nationale digitale plattformstrategie silodenken überwindet echte interoperabilität verwaltungsebenen schafft einsatz öffentlichen verwaltung bietet tatsächlich potenzial birgt risiken fordern klare rechtliche rahmenbedingungen einsatz hoheitlichen verfahren regulieren grundrechte bürger schützen algorithmische entscheidungen nachvollziehbar anfechtbar breitbandausbau schneller voranschreiten flächendeckendes gigabit internet bleiben ländliche regionen digitalisierung zurück frage regionalen chancengerechtigkeit,80,Topic 2,0.04429217247596422,0.5699083396111699,0.0001944754532706116,0.0,0.0
185,2024-04-17,ID2018501300,11009903,Thomas,Fischer,BÜNDNIS 90/DIE GRÜNEN,"Frau Präsidentin! Kolleginnen und Kollegen! Digitalisierung und Nachhaltigkeit gehören zusammen. Smarte digitale Infrastrukturen können wesentlich dazu beitragen, unseren Energieverbrauch zu senken und Ressourcen effizienter zu nutzen. Intelligente Stromnetze, digitale Mobilitätslösungen und datengestützte Umweltmonitoring-Systeme sind Bereiche, in denen Digitalisierung und Klimaschutz Hand in Hand gehen. Beim Einsatz von KI müssen wir auch die ökologischen Kosten im Blick behalten. Große KI-Modelle verbrauchen erhebliche Mengen an Rechenleistung und damit Energie. Wir fordern eine verpflichtende Nachhaltigkeitsberichterstattung für KI-Systeme im öffentlichen Sektor, damit Energieverbrauch und CO2-Fußabdruck transparent werden. Open Source und Open Data sind Grundpfeiler einer demokratischen und transparenten Digitalstrategie. Wenn die öffentliche Hand Software entwickeln lässt, sollte der Quellcode öffentlich zugänglich sein. Das stärkt Vertrauen, ermöglicht externe Überprüfung und verhindert Abhängigkeiten von einzelnen Anbietern. Datensouveränität und digitale Grundrechte sind für uns keine Nebenthemen – sie sind zentrale politische Anliegen, die wir auch auf europäischer Ebene konsequent vertreten.",143,"['digitalisierung', 'nachhaltigkeit', 'gehören', 'zusammen', 'smarte', 'digitale', 'infrastrukturen', 'wesentlich', 'beitragen', 'unseren', 'energieverbrauch', 'senken', 'ressourcen', 'effizienter', 'nutzen', 'intelligente', 'stromnetze', 'digitale', 'mobilitätslösungen', 'datengestützte', 'umweltmonitoring', 'systeme', 'bereiche', 'denen', 'digitalisierung', 'klimaschutz', 'hand', 'hand', 'einsatz', 'ökologischen', 'kosten', 'blick', 'behalten', 'große', 'modelle', 'verbrauchen', 'erhebliche', 'mengen', 'rechenleistung', 'energie', 'fordern', 'verpflichtende', 'nachhaltigkeitsberichterstattung', 'systeme', 'öffentlichen', 'sektor', 'energieverbrauch', 'fußabdruck', 'transparent', 'open', 'source', 'open', 'data', 'grundpfeiler', 'demokratischen', 'transparenten', 'digitalstrategie', 'öffentliche', 'hand', 'software', 'entwickeln', 'quellcode', 'öffentlich', 'zugänglich', 'stärkt', 'vertrauen', 'ermöglicht', 'externe', 'überprüfung', 'verhindert', 'abhängigkeiten', 'einzelnen', 'anbietern', 'datensouveränität', 'digitale', 'grundrechte', 'nebenthemen', 'zentrale', 'politische', 'anliegen', 'europäischer', 'ebene', 'konsequent', 'vertreten']",digitalisierung nachhaltigkeit gehören zusammen smarte digitale infrastrukturen wesentlich beitragen unseren energieverbrauch senken ressourcen effizienter nutzen intelligente stromnetze digitale mobilitätslösungen datengestützte umweltmonitoring systeme bereiche denen digitalisierung klimaschutz hand hand einsatz ökologischen kosten blick behalten große modelle verbrauchen erhebliche mengen rechenleistung energie fordern verpflichtende nachhaltigkeitsberichterstattung systeme öffentlichen sektor energieverbrauch fußabdruck transparent open source open data grundpfeiler demokratischen transparenten digitalstrategie öffentliche hand software entwickeln quellcode öffentlich zugänglich stärkt vertrauen ermöglicht externe überprüfung verhindert abhängigkeiten einzelnen anbietern datensouveränität digitale grundrechte nebenthemen zentrale politische anliegen europäischer ebene konsequent vertreten,84,Topic 2,0.014370029026028172,0.48780458127561604,0.0,0.0,0.02743943824050794
185,2024-04-17,ID2018501400,11009904,Sabine,Schneider,FDP,"Frau Präsidentin! Meine Damen und Herren! Die FDP setzt auf Innovation durch den Markt und nicht auf staatliche Lenkung. Beim Thema KI und Digitalisierung bedeutet das: Der Staat setzt klare, technologieneutrale Rahmenbedingungen, und die Privatwirtschaft entwickelt die besten Lösungen. Überregulierung würde innovativen deutschen Unternehmen im globalen Wettbewerb schaden. Bürokratieabbau durch Digitalisierung ist unser zentrales Anliegen. Jeder Verwaltungsprozess, der heute noch papierbasiert läuft, kostet Unternehmen und Bürger wertvolle Zeit und Ressourcen. Hier liegt ein riesiges Effizienzpotenzial, das wir endlich heben müssen. Das Onlinezugangsgesetz war ein guter erster Schritt, aber die Umsetzungsgeschwindigkeit ist enttäuschend. Wir brauchen verbindliche Fristen und Sanktionsmechanismen, damit Bund und Länder liefern. Freiwilligkeit allein reicht nicht aus – das haben die vergangenen Jahre gezeigt. Schließlich brauchen wir mehr Wagniskapital und bessere Bedingungen für Startups im Bereich KI und Deeptech. Deutschland hat exzellente Hochschulen und Forschungseinrichtungen – wir müssen besser darin werden, aus Forschungsergebnissen marktfähige Produkte zu machen.",148,"['fdp', 'setzt', 'innovation', 'markt', 'staatliche', 'lenkung', 'thema', 'digitalisierung', 'bedeutet', 'staat', 'setzt', 'klare', 'technologieneutrale', 'rahmenbedingungen', 'privatwirtschaft', 'entwickelt', 'besten', 'lösungen', 'überregulierung', 'würde', 'innovativen', 'deutschen', 'unternehmen', 'globalen', 'wettbewerb', 'schaden', 'bürokratieabbau', 'digitalisierung', 'zentrales', 'anliegen', 'jeder', 'verwaltungsprozess', 'heute', 'papierbasiert', 'läuft', 'kostet', 'unternehmen', 'bürger', 'wertvolle', 'zeit', 'ressourcen', 'liegt', 'riesiges', 'effizienzpotenzial', 'endlich', 'heben', 'onlinezugangsgesetz', 'guter', 'erster', 'schritt', 'umsetzungsgeschwindigkeit', 'enttäuschend', 'verbindliche', 'fristen', 'sanktionsmechanismen', 'bund', 'länder', 'liefern', 'freiwilligkeit', 'allein', 'reicht', 'vergangenen', 'jahre', 'gezeigt', 'schließlich', 'wagniskapital', 'bessere', 'bedingungen', 'startups', 'bereich', 'deeptech', 'deutschland', 'exzellente', 'hochschulen', 'forschungseinrichtungen', 'besser', 'darin', 'forschungsergebnissen', 'marktfähige', 'produkte']",fdp setzt innovation markt staatliche lenkung thema digitalisierung bedeutet staat setzt klare technologieneutrale rahmenbedingungen privatwirtschaft entwickelt besten lösungen überregulierung würde innovativen deutschen unternehmen globalen wettbewerb schaden bürokratieabbau digitalisierung zentrales anliegen jeder verwaltungsprozess heute papierbasiert läuft kostet unternehmen bürger wertvolle zeit ressourcen liegt riesiges effizienzpotenzial endlich heben onlinezugangsgesetz guter erster schritt umsetzungsgeschwindigkeit enttäuschend verbindliche fristen sanktionsmechanismen bund länder liefern freiwilligkeit allein reicht vergangenen jahre gezeigt schließlich wagniskapital bessere bedingungen startups bereich deeptech deutschland exzellente hochschulen forschungseinrichtungen besser darin forschungsergebnissen marktfähige produkte,80,Topic 4,0.0,0.0,0.0,0.7904552128296481,0.0
185,2024-04-17,ID2018501500,11009905,Hans,Becker,DIE LINKE,"Frau Präsidentin! Kolleginnen und Kollegen! Digitalisierung kann Chancen schaffen, sie kann aber auch bestehende Ungleichheiten verstärken. Wer keinen Internetzugang hat, kein Smartphone besitzt oder digitale Dienstleistungen nicht bedienen kann, wird durch die Digitalisierung der Verwaltung abgehängt – nicht besser versorgt. Wir fordern deshalb, dass analoge Zugangswege zu Verwaltungsleistungen dauerhaft erhalten bleiben. Digitale Angebote sind eine Ergänzung, keine Ersetzung. Ältere Menschen, Menschen mit Behinderungen und Menschen mit geringen digitalen Kompetenzen haben ein Recht auf gleichwertige Versorgung. Beim Einsatz von KI im öffentlichen Sektor warnen wir vor voreiligen Entscheidungen. Algorithmen können Diskriminierungen reproduzieren und verstärken, wenn sie mit verzerrten Trainingsdaten gefüttert werden. Wir brauchen unabhängige Algorithmen-Audits und ein Verbot von KI-Systemen, die gesellschaftliche Gruppen benachteiligen. Die Datenschutzgrundverordnung ist ein wichtiger Baustein – wir müssen sicherstellen, dass sie konsequent angewendet wird und nicht durch wirtschaftliche Interessen ausgehöhlt wird.",135,"['digitalisierung', 'chancen', 'schaffen', 'bestehende', 'ungleichheiten', 'verstärken', 'wer', 'internetzugang', 'smartphone', 'besitzt', 'digitale', 'dienstleistungen', 'bedienen', 'digitalisierung', 'verwaltung', 'abgehängt', 'besser', 'versorgt', 'fordern', 'analoge', 'zugangswege', 'verwaltungsleistungen', 'dauerhaft', 'erhalten', 'bleiben', 'digitale', 'angebote', 'ergänzung', 'ersetzung', 'ältere', 'menschen', 'menschen', 'behinderungen', 'menschen', 'geringen', 'digitalen', 'kompetenzen', 'recht', 'gleichwertige', 'versorgung', 'einsatz', 'öffentlichen', 'sektor', 'warnen', 'voreiligen', 'entscheidungen', 'algorithmen', 'diskriminierungen', 'reproduzieren', 'verstärken', 'verzerrten', 'trainingsdaten', 'gefüttert', 'unabhängige', 'algorithmen', 'audits', 'verbot', 'systemen', 'gesellschaftliche', 'gruppen', 'benachteiligen', 'datenschutzgrundverordnung', 'wichtiger', 'baustein', 'sicherstellen', 'konsequent', 'angewendet', 'wirtschaftliche', 'interessen', 'ausgehöhlt']",digitalisierung chancen schaffen bestehende ungleichheiten verstärken wer internetzugang smartphone besitzt digitale dienstleistungen bedienen digitalisierung verwaltung abgehängt besser versorgt fordern analoge zugangswege verwaltungsleistungen dauerhaft erhalten bleiben digitale angebote ergänzung ersetzung ältere menschen menschen behinderungen menschen geringen digitalen kompetenzen recht gleichwertige versorgung einsatz öffentlichen sektor warnen voreiligen entscheidungen algorithmen diskriminierungen reproduzieren verstärken verzerrten trainingsdaten gefüttert unabhängige algorithmen audits verbot systemen gesellschaftliche gruppen benachteiligen datenschutzgrundverordnung wichtiger baustein sicherstellen konsequent angewendet wirtschaftliche interessen ausgehöhlt,70,Topic 2,0.0,0.5822244874505169,0.0,0.0,0.07332483035668183
185,2024-04-17,ID2018502100,11009906,Maria,Hoffmann,SPD,"Frau Präsidentin! Liebe Kolleginnen und Kollegen! Der Breitbandausbau ist eine kritische Infrastrukturaufgabe, vergleichbar mit dem Bau von Straßen und Schienen. Gigabit-Anschlüsse für alle – das ist unser Ziel bis 2030. Die Bundesregierung stellt dafür erhebliche Fördermittel bereit und koordiniert die Ausbauprogramme zwischen Bund und Ländern. Besonders in ländlichen Regionen besteht noch erheblicher Nachholbedarf. Wir können nicht akzeptieren, dass die digitale Versorgung von der geografischen Lage abhängt. Das Gigabit-Förderprogramm des Bundes zielt gezielt auf unterversorgte Gebiete und schließt so die digitale Lücke zwischen Stadt und Land.",85,"['breitbandausbau', 'kritische', 'infrastrukturaufgabe', 'vergleichbar', 'bau', 'straßen', 'schienen', 'gigabit', 'anschlüsse', 'alle', 'ziel', 'erhebliche', 'fördermittel', 'bereit', 'koordiniert', 'ausbauprogramme', 'bund', 'ländern', 'ländlichen', 'regionen', 'besteht', 'erheblicher', 'nachholbedarf', 'akzeptieren', 'digitale', 'versorgung', 'geografischen', 'lage', 'abhängt', 'gigabit', 'förderprogramm', 'bundes', 'zielt', 'gezielt', 'unterversorgte', 'gebiete', 'schließt', 'digitale', 'lücke', 'stadt', 'land']",breitbandausbau kritische infrastrukturaufgabe vergleichbar bau straßen schienen gigabit anschlüsse alle ziel erhebliche fördermittel bereit koordiniert ausbauprogramme bund ländern ländlichen regionen besteht erheblicher nachholbedarf akzeptieren digitale versorgung geografischen lage abhängt gigabit förderprogramm bundes zielt gezielt unterversorgte gebiete schließt digitale lücke stadt land,41,Topic 2,0.0,0.3863129273970378,0.0,0.0,0.0
190,2024-05-08,ID2019001100,11009903,Thomas,Fischer,BÜNDNIS 90/DIE GRÜNEN,"Herr Präsident! Kolleginnen und Kollegen! Das Klimaschutzgesetz ist das zentrale Instrument, mit dem Deutschland seinen Verpflichtungen aus dem Pariser Klimaabkommen nachkommen kann. Die gesetzlich verankerten Sektorziele für Energie, Verkehr, Gebäude, Industrie und Landwirtschaft sind der richtige Ansatz – sie machen Fortschritte messbar und politisch rechenschaftspflichtig. Die Treibhausgasemissionen in Deutschland müssen bis 2030 um mindestens 65 Prozent gegenüber 1990 sinken. Das ist ehrgeizig, aber machbar – wenn wir jetzt die richtigen politischen Weichen stellen. Die Energiewende ist auf einem guten Weg: Der Anteil erneuerbarer Energien am Strommix hat 2023 einen historischen Höchstwert erreicht. Im Gebäudesektor hinken wir den Zielen allerdings noch hinterher. Die Sanierungsrate muss deutlich steigen, und das erfordert ambitioniertere Förderprogramme sowie klare Mindeststandards für energetische Renovierungen. Wir brauchen eine sozial gerechte Ausgestaltung, die auch einkommensschwächere Haushalte beim Umstieg auf klimafreundliche Heizungen unterstützt. Der CO2-Preis ist ein wichtiges marktwirtschaftliches Instrument, das Anreize für klimafreundliches Verhalten setzt. Wir plädieren für eine schrittweise Erhöhung des CO2-Preises, verbunden mit sozialen Ausgleichsmechanismen, um die Lastenverteilung gerecht zu gestalten.",164,"['klimaschutzgesetz', 'zentrale', 'instrument', 'deutschland', 'seinen', 'verpflichtungen', 'pariser', 'klimaabkommen', 'nachkommen', 'gesetzlich', 'verankerten', 'sektorziele', 'energie', 'verkehr', 'gebäude', 'industrie', 'landwirtschaft', 'richtige', 'ansatz', 'fortschritte', 'messbar', 'politisch', 'rechenschaftspflichtig', 'treibhausgasemissionen', 'deutschland', 'mindestens', 'sinken', 'ehrgeizig', 'machbar', 'richtigen', 'politischen', 'weichen', 'energiewende', 'guten', 'weg', 'anteil', 'erneuerbarer', 'energien', 'strommix', 'historischen', 'höchstwert', 'erreicht', 'gebäudesektor', 'hinken', 'zielen', 'hinterher', 'sanierungsrate', 'deutlich', 'steigen', 'erfordert', 'ambitioniertere', 'förderprogramme', 'sowie', 'klare', 'mindeststandards', 'energetische', 'renovierungen', 'sozial', 'gerechte', 'ausgestaltung', 'einkommensschwächere', 'haushalte', 'umstieg', 'klimafreundliche', 'heizungen', 'unterstützt', 'preis', 'wichtiges', 'marktwirtschaftliches', 'instrument', 'anreize', 'klimafreundliches', 'verhalten', 'setzt', 'plädieren', 'schrittweise', 'erhöhung', 'preises', 'verbunden', 'sozialen', 'ausgleichsmechanismen', 'lastenverteilung', 'gerecht', 'gestalten']",klimaschutzgesetz zentrale instrument deutschland seinen verpflichtungen pariser klimaabkommen nachkommen gesetzlich verankerten sektorziele energie verkehr gebäude industrie landwirtschaft richtige ansatz fortschritte messbar politisch rechenschaftspflichtig treibhausgasemissionen deutschland mindestens sinken ehrgeizig machbar richtigen politischen weichen energiewende guten weg anteil erneuerbarer energien strommix historischen höchstwert erreicht gebäudesektor hinken zielen hinterher sanierungsrate deutlich steigen erfordert ambitioniertere förderprogramme sowie klare mindeststandards energetische renovierungen sozial gerechte ausgestaltung einkommensschwächere haushalte umstieg klimafreundliche heizungen unterstützt preis wichtiges marktwirtschaftliches instrument anreize klimafreundliches verhalten setzt plädieren schrittweise erhöhung preises verbunden sozialen ausgleichsmechanismen lastenverteilung gerecht gestalten,84,Topic 1,0.359804069211697,0.0,0.0,0.0,0.03140694553375339
190,2024-05-08,ID2019001200,11009902,Anna,Müller,CDU/CSU,"Herr Präsident! Meine Damen und Herren! Klimaschutz ist eine generationsübergreifende Aufgabe, die wir gemeinsam angehen müssen. Die CDU/CSU steht zum Pariser Klimaabkommen und zu den deutschen Klimazielen. Wir streiten aber darüber, welche Wege und Instrumente am effizientesten und sozialverträglichsten sind. Technologieoffenheit muss das Leitprinzip unserer Klimapolitik sein. Wir sollten nicht auf eine einzige Technologie setzen, sondern ein breites Portfolio an Lösungen fördern – von erneuerbaren Energien über Wasserstoff und Kernenergie bis hin zu Kohlenstoffabscheidung. Der Markt sollte entscheiden, welche Technologien sich im Wettbewerb durchsetzen. Klimaschutz darf nicht zu Lasten der wirtschaftlichen Wettbewerbsfähigkeit gehen. Wenn deutsche Unternehmen durch zu hohe CO2-Preise unter Druck geraten und ihre Produktion ins Ausland verlagern, werden Emissionen exportiert statt vermieden – das ist kontraproduktiv. Ein europaweiter oder internationaler CO2-Preis wäre wirkungsvoller als nationale Alleingänge. Auch die Energiesicherheit darf nicht vernachlässigt werden. Der Ausstieg aus der Kernenergie war eine politische Entscheidung, die wir nicht rückgängig machen können. Aber wir müssen sicherstellen, dass die Stromversorgung auch in Dunkelflauten zuverlässig bleibt.",162,"['klimaschutz', 'generationsübergreifende', 'aufgabe', 'gemeinsam', 'angehen', 'cdu', 'csu', 'steht', 'pariser', 'klimaabkommen', 'deutschen', 'klimazielen', 'streiten', 'darüber', 'welche', 'wege', 'instrumente', 'effizientesten', 'sozialverträglichsten', 'technologieoffenheit', 'leitprinzip', 'unserer', 'klimapolitik', 'sollten', 'einzige', 'technologie', 'setzen', 'breites', 'portfolio', 'lösungen', 'fördern', 'erneuerbaren', 'energien', 'wasserstoff', 'kernenergie', 'kohlenstoffabscheidung', 'markt', 'entscheiden', 'welche', 'technologien', 'wettbewerb', 'durchsetzen', 'klimaschutz', 'lasten', 'wirtschaftlichen', 'wettbewerbsfähigkeit', 'deutsche', 'unternehmen', 'hohe', 'preise', 'druck', 'geraten', 'ihre', 'produktion', 'ausland', 'verlagern', 'emissionen', 'exportiert', 'statt', 'vermieden', 'kontraproduktiv', 'europaweiter', 'internationaler', 'preis', 'wäre', 'wirkungsvoller', 'nationale', 'alleingänge', 'energiesicherheit', 'vernachlässigt', 'ausstieg', 'kernenergie', 'politische', 'entscheidung', 'rückgängig', 'sicherstellen', 'stromversorgung', 'dunkelflauten', 'zuverlässig', 'bleibt']",klimaschutz generationsübergreifende aufgabe gemeinsam angehen cdu csu steht pariser klimaabkommen deutschen klimazielen streiten darüber welche wege instrumente effizientesten sozialverträglichsten technologieoffenheit leitprinzip unserer klimapolitik sollten einzige technologie setzen breites portfolio lösungen fördern erneuerbaren energien wasserstoff kernenergie kohlenstoffabscheidung markt entscheiden welche technologien wettbewerb durchsetzen klimaschutz lasten wirtschaftlichen wettbewerbsfähigkeit deutsche unternehmen hohe preise druck geraten ihre produktion ausland verlagern emissionen exportiert statt vermieden kontraproduktiv europaweiter internationaler preis wäre wirkungsvoller nationale alleingänge energiesicherheit vernachlässigt ausstieg kernenergie politische entscheidung rückgängig sicherstellen stromversorgung dunkelflauten zuverlässig bleibt,80,Topic 1,0.24169791620041425,0.0,0.0,0.17635848494283812,0.020226411630866248
190,2024-05-08,ID2019001300,11009904,Sabine,Schneider,FDP,"Herr Präsident! Meine Damen und Herren! Die FDP setzt beim Klimaschutz auf marktwirtschaftliche Instrumente und Technologieneutralität. Der europäische Emissionshandel ist das effizienteste Instrument, um Treibhausgasemissionen kosteneffizient zu reduzieren. Statt staatlicher Verbote brauchen wir Preissignale, die die richtigen Anreize setzen. Das Verbrennerverbot in der EU für 2035 lehnen wir ab, weil es Technologieneutralität verletzt und die Automobilindustrie in ihren Innovationsmöglichkeiten einschränkt. E-Fuels und Wasserstoff können ebenfalls klimaneutral sein – warum sollten wir diese Optionen von vornherein ausschließen? Bürokratieabbau im Bereich der Genehmigungsverfahren für erneuerbare Energien und Stromleitungen ist dringend notwendig. Windkraftanlagen, die jahrelang im Genehmigungsverfahren feststecken, tragen nicht zur Energiewende bei. Wir brauchen deutlich kürzere Verfahrensdauern und klarere rechtliche Rahmenbedingungen. Wasserstoff hat großes Potenzial für die Dekarbonisierung von Industrie und Verkehr. Deutschland sollte in den Aufbau einer Wasserstoffinfrastruktur investieren und sich dabei auf internationale Partnerschaften stützen, um günstig produzierten grünen Wasserstoff zu importieren.",142,"['fdp', 'setzt', 'klimaschutz', 'marktwirtschaftliche', 'instrumente', 'technologieneutralität', 'europäische', 'emissionshandel', 'effizienteste', 'instrument', 'treibhausgasemissionen', 'kosteneffizient', 'reduzieren', 'statt', 'staatlicher', 'verbote', 'preissignale', 'richtigen', 'anreize', 'setzen', 'verbrennerverbot', 'lehnen', 'technologieneutralität', 'verletzt', 'automobilindustrie', 'ihren', 'innovationsmöglichkeiten', 'einschränkt', 'fuels', 'wasserstoff', 'ebenfalls', 'klimaneutral', 'warum', 'sollten', 'optionen', 'vornherein', 'ausschließen', 'bürokratieabbau', 'bereich', 'genehmigungsverfahren', 'erneuerbare', 'energien', 'stromleitungen', 'dringend', 'notwendig', 'windkraftanlagen', 'jahrelang', 'genehmigungsverfahren', 'feststecken', 'tragen', 'energiewende', 'deutlich', 'kürzere', 'verfahrensdauern', 'klarere', 'rechtliche', 'rahmenbedingungen', 'wasserstoff', 'großes', 'potenzial', 'dekarbonisierung', 'industrie', 'verkehr', 'deutschland', 'aufbau', 'wasserstoffinfrastruktur', 'investieren', 'internationale', 'partnerschaften', 'stützen', 'günstig', 'produzierten', 'grünen', 'wasserstoff', 'importieren']",fdp setzt klimaschutz marktwirtschaftliche instrumente technologieneutralität europäische emissionshandel effizienteste instrument treibhausgasemissionen kosteneffizient reduzieren statt staatlicher verbote preissignale richtigen anreize setzen verbrennerverbot lehnen technologieneutralität verletzt automobilindustrie ihren innovationsmöglichkeiten einschränkt fuels wasserstoff ebenfalls klimaneutral warum sollten optionen vornherein ausschließen bürokratieabbau bereich genehmigungsverfahren erneuerbare energien stromleitungen dringend notwendig windkraftanlagen jahrelang genehmigungsverfahren feststecken tragen energiewende deutlich kürzere verfahrensdauern klarere rechtliche rahmenbedingungen wasserstoff großes potenzial dekarbonisierung industrie verkehr deutschland aufbau wasserstoffinfrastruktur investieren internationale partnerschaften stützen günstig produzierten grünen wasserstoff importieren,75,Topic 1,0.3849804253987923,0.0,0.015185213680850023,0.0,0.0
190,2024-05-08,ID2019003100,11009905,Hans,Becker,DIE LINKE,"Herr Präsident! Kolleginnen und Kollegen! Die Rentenpolitik muss endlich konsequent auf Armutsvermeidung ausgerichtet werden. Altersarmut ist kein Randphänomen – es betrifft Millionen von Menschen in Deutschland, und die Tendenz ist steigend. Das ist ein gesellschaftlicher Skandal, den wir nicht hinnehmen dürfen. Wir fordern eine Rentenerhöhung, die das Rentenniveau dauerhaft auf mindestens 53 Prozent des Durchschnittslohns stabilisiert. Die Einführung einer Mindestrente, die das Existenzminimum sichert, ist längst überfällig. Wer 40 Jahre gearbeitet hat, darf im Alter nicht auf Sozialleistungen angewiesen sein. Auch die Pflegeversicherung muss grundlegend reformiert werden. Die Pflegekosten steigen kontinuierlich, und viele Pflegebedürftige und ihre Familien geraten in finanzielle Not. Wir brauchen eine solidarische Pflegeversicherung, die alle einschließt – auch Beamte und Selbstständige. Das Gesundheitssystem braucht mehr öffentliche Finanzierung und weniger privatwirtschaftliche Renditeorientierung. Krankenhäuser dürfen keine Profitcenter sein. Wir fordern eine Bedarfsplanung, die sich an medizinischen Notwendigkeiten orientiert, nicht an wirtschaftlichen Kennzahlen.",143,"['rentenpolitik', 'endlich', 'konsequent', 'armutsvermeidung', 'ausgerichtet', 'altersarmut', 'randphänomen', 'betrifft', 'menschen', 'deutschland', 'tendenz', 'steigend', 'gesellschaftlicher', 'skandal', 'hinnehmen', 'fordern', 'rentenerhöhung', 'rentenniveau', 'dauerhaft', 'mindestens', 'durchschnittslohns', 'stabilisiert', 'einführung', 'mindestrente', 'existenzminimum', 'sichert', 'längst', 'überfällig', 'wer', 'jahre', 'gearbeitet', 'alter', 'sozialleistungen', 'angewiesen', 'pflegeversicherung', 'grundlegend', 'reformiert', 'pflegekosten', 'steigen', 'kontinuierlich', 'viele', 'pflegebedürftige', 'ihre', 'familien', 'geraten', 'finanzielle', 'not', 'solidarische', 'pflegeversicherung', 'alle', 'einschließt', 'beamte', 'selbstständige', 'gesundheitssystem', 'öffentliche', 'finanzierung', 'weniger', 'privatwirtschaftliche', 'renditeorientierung', 'krankenhäuser', 'profitcenter', 'fordern', 'bedarfsplanung', 'medizinischen', 'notwendigkeiten', 'orientiert', 'wirtschaftlichen', 'kennzahlen']",rentenpolitik endlich konsequent armutsvermeidung ausgerichtet altersarmut randphänomen betrifft menschen deutschland tendenz steigend gesellschaftlicher skandal hinnehmen fordern rentenerhöhung rentenniveau dauerhaft mindestens durchschnittslohns stabilisiert einführung mindestrente existenzminimum sichert längst überfällig wer jahre gearbeitet alter sozialleistungen angewiesen pflegeversicherung grundlegend reformiert pflegekosten steigen kontinuierlich viele pflegebedürftige ihre familien geraten finanzielle not solidarische pflegeversicherung alle einschließt beamte selbstständige gesundheitssystem öffentliche finanzierung weniger privatwirtschaftliche renditeorientierung krankenhäuser profitcenter fordern bedarfsplanung medizinischen notwendigkeiten orientiert wirtschaftlichen kennzahlen,68,Topic 5,0.0,0.019170966036378623,0.0,0.0,0.7430752280634275
190,2024-05-08,ID2019003200,11009901,Klaus,Weber,SPD,"Herr Präsident! Meine Damen und Herren! Die Rentenreform der Bundesregierung stärkt die gesetzliche Rentenversicherung und ergänzt sie durch kapitalgedeckte Elemente. Das Rentenpaket II sichert das Rentenniveau bis 2040 und schafft Planungssicherheit für heutige und künftige Rentnerinnen und Rentner. Die Einführung des Generationenkapitals ist ein innovativer Ansatz, der die gesetzliche Rente durch kapitalmarktbasierte Erträge ergänzt. Langfristig kann dies dazu beitragen, den Beitragssatz stabil zu halten und die Rentenversicherung demografiefest zu machen. Gleichzeitig stärken wir die betriebliche Altersvorsorge und machen sie auch für Beschäftigte mit niedrigeren Einkommen attraktiver. Niemand sollte allein auf die gesetzliche Rente angewiesen sein – die drei Säulen der Altersvorsorge müssen gemeinsam gestärkt werden. Für die Pflege investieren wir in die Ausbildung von Pflegefachkräften und in die Verbesserung der Arbeitsbedingungen. Gute Pflege braucht gut ausgebildetes und gut bezahltes Personal. Das ist sowohl eine Frage der Würde für Pflegebedürftige als auch eine Frage der Wertschätzung für Pflegekräfte.",147,"['rentenreform', 'stärkt', 'gesetzliche', 'rentenversicherung', 'ergänzt', 'kapitalgedeckte', 'elemente', 'rentenpaket', 'sichert', 'rentenniveau', 'schafft', 'planungssicherheit', 'heutige', 'künftige', 'rentnerinnen', 'rentner', 'einführung', 'generationenkapitals', 'innovativer', 'ansatz', 'gesetzliche', 'rente', 'kapitalmarktbasierte', 'erträge', 'ergänzt', 'langfristig', 'dies', 'beitragen', 'beitragssatz', 'stabil', 'halten', 'rentenversicherung', 'demografiefest', 'gleichzeitig', 'stärken', 'betriebliche', 'altersvorsorge', 'beschäftigte', 'niedrigeren', 'einkommen', 'attraktiver', 'niemand', 'allein', 'gesetzliche', 'rente', 'angewiesen', 'säulen', 'altersvorsorge', 'gemeinsam', 'gestärkt', 'pflege', 'investieren', 'ausbildung', 'pflegefachkräften', 'verbesserung', 'arbeitsbedingungen', 'gute', 'pflege', 'gut', 'ausgebildetes', 'gut', 'bezahltes', 'personal', 'frage', 'würde', 'pflegebedürftige', 'frage', 'wertschätzung', 'pflegekräfte']",rentenreform stärkt gesetzliche rentenversicherung ergänzt kapitalgedeckte elemente rentenpaket sichert rentenniveau schafft planungssicherheit heutige künftige rentnerinnen rentner einführung generationenkapitals innovativer ansatz gesetzliche rente kapitalmarktbasierte erträge ergänzt langfristig dies beitragen beitragssatz stabil halten rentenversicherung demografiefest gleichzeitig stärken betriebliche altersvorsorge beschäftigte niedrigeren einkommen attraktiver niemand allein gesetzliche rente angewiesen säulen altersvorsorge gemeinsam gestärkt pflege investieren ausbildung pflegefachkräften verbesserung arbeitsbedingungen gute pflege gut ausgebildetes gut bezahltes personal frage würde pflegebedürftige frage wertschätzung pflegekräfte,69,Topic 5,0.0,0.0,0.08636901358050679,0.0,0.5171703975562274
190,2024-05-08,ID2019003300,11009906,Maria,Hoffmann,SPD,"Herr Präsident! Liebe Kolleginnen und Kollegen! Bildungspolitik ist Sozialpolitik. Der Bildungserfolg von Kindern in Deutschland hängt noch immer zu stark vom sozioökonomischen Hintergrund der Eltern ab. Das ist nicht nur ungerecht – es ist auch wirtschaftlich ineffizient, denn wir verschwenden damit enormes Talentpotenzial. Wir fordern einen nationalen Bildungspakt, der die Mittel des Bundes für frühkindliche Bildung, Schulen und berufliche Ausbildung massiv erhöht. Kein Kind darf aufgrund mangelnder Ressourcen in seiner Bildungschance benachteiligt werden. Ganztagsschulen, kleinere Klassen und mehr Schulsozialarbeit sind konkrete Instrumente. Die duale Berufsausbildung ist ein Erfolgsmodell, das wir stärken und attraktiver machen müssen. Ausbildungsvergütungen müssen auch in schlecht tariflich organisierten Branchen auskömmlich sein. Und wir müssen die Gleichwertigkeit von beruflicher und akademischer Bildung gesellschaftlich stärker verankern.",118,"['bildungspolitik', 'sozialpolitik', 'bildungserfolg', 'kindern', 'deutschland', 'hängt', 'stark', 'vom', 'sozioökonomischen', 'hintergrund', 'eltern', 'ungerecht', 'wirtschaftlich', 'ineffizient', 'verschwenden', 'enormes', 'talentpotenzial', 'fordern', 'nationalen', 'bildungspakt', 'mittel', 'bundes', 'frühkindliche', 'bildung', 'schulen', 'berufliche', 'ausbildung', 'massiv', 'erhöht', 'kind', 'aufgrund', 'mangelnder', 'ressourcen', 'seiner', 'bildungschance', 'benachteiligt', 'ganztagsschulen', 'kleinere', 'klassen', 'schulsozialarbeit', 'konkrete', 'instrumente', 'duale', 'berufsausbildung', 'erfolgsmodell', 'stärken', 'attraktiver', 'ausbildungsvergütungen', 'schlecht', 'tariflich', 'organisierten', 'branchen', 'auskömmlich', 'gleichwertigkeit', 'beruflicher', 'akademischer', 'bildung', 'gesellschaftlich', 'stärker', 'verankern']",bildungspolitik sozialpolitik bildungserfolg kindern deutschland hängt stark vom sozioökonomischen hintergrund eltern ungerecht wirtschaftlich ineffizient verschwenden enormes talentpotenzial fordern nationalen bildungspakt mittel bundes frühkindliche bildung schulen berufliche ausbildung massiv erhöht kind aufgrund mangelnder ressourcen seiner bildungschance benachteiligt ganztagsschulen kleinere klassen schulsozialarbeit konkrete instrumente duale berufsausbildung erfolgsmodell stärken attraktiver ausbildungsvergütungen schlecht tariflich organisierten branchen auskömmlich gleichwertigkeit beruflicher akademischer bildung gesellschaftlich stärker verankern,60,Topic 3,0.0,0.001852627641576372,0.54185900839246,0.0,0.0
